FY Channel,Case 2 Tb (k)
1,219.71228
2,215.05933
3,205.94917
4,206.47443
5,224.11868
6,226.14908
7,210.95384
8,210.17657
9,201.84013
10,175.68578
11,221.12048
12,213.61812
13,206.6109
14,200.45758
15,183.04904
